ID Birthplace,Birthplace,ID Year,Year,ID Nativity,Nativity,Country Code,Total Population,Geography,ID Geography
60,"American Samoa",2018,"2018",2,"Foreign born","ASM",31,"Florida","04000US12"
554,"Other U.S. Island Areas, Oceania, Not Specified, or at Sea",2018,"2018",2,"Foreign born",,680,"Florida","04000US12"
527,"Samoa",2018,"2018",2,"Foreign born","WSM",305,"Florida","04000US12"
515,"New Zealand",2018,"2018",2,"Foreign born","NZL",942,"Florida","04000US12"
512,"Micronesia",2018,"2018",2,"Foreign born","KSM",707,"Florida","04000US12"
100,"Albania",2018,"2018",2,"Foreign born","ALB",6213,"Florida","04000US12"
511,"Marshall Islands",2018,"2018",2,"Foreign born","MHL",336,"Florida","04000US12"
508,"Fiji",2018,"2018",2,"Foreign born","FJI",963,"Florida","04000US12"
501,"Australia",2018,"2018",2,"Foreign born","AUS",5178,"Florida","04000US12"
469,"Eastern Africa, Not Specified",2018,"2018",2,"Foreign born",,1766,"Florida","04000US12"
102,"Austria",2018,"2018",2,"Foreign born","AUT",3164,"Florida","04000US12"
468,"Other Africa, not specified",2018,"2018",2,"Foreign born",,1627,"Florida","04000US12"
467,"Western Africa, not specified",2018,"2018",2,"Foreign born",,827,"Florida","04000US12"
464,"Northern Africa, not specified",2018,"2018",2,"Foreign born",,53,"Florida","04000US12"
463,"Eastern Africa, not specified",2018,"2018",2,"Foreign born",,334,"Florida","04000US12"
103,"Belgium",2018,"2018",2,"Foreign born","BEL",4067,"Florida","04000US12"
462,"Africa",2018,"2018",2,"Foreign born",,768,"Florida","04000US12"
461,"Zimbabwe",2018,"2018",2,"Foreign born","ZWE",3518,"Florida","04000US12"
460,"Zambia",2018,"2018",2,"Foreign born","ZMB",1186,"Florida","04000US12"
459,"Democratic Republic of Congo (Zaire)",2018,"2018",2,"Foreign born","COD",664,"Florida","04000US12"
104,"Bulgaria",2018,"2018",2,"Foreign born","BGR",6034,"Florida","04000US12"
457,"Uganda",2018,"2018",2,"Foreign born","UGA",980,"Florida","04000US12"
456,"Tunisia",2018,"2018",2,"Foreign born","TUN",1959,"Florida","04000US12"
454,"Togo",2018,"2018",2,"Foreign born","TGO",934,"Florida","04000US12"
453,"Tanzania",2018,"2018",2,"Foreign born","TZA",1192,"Florida","04000US12"
105,"Czechoslovakia",2018,"2018",2,"Foreign born",,1839,"Florida","04000US12"
451,"Sudan",2018,"2018",2,"Foreign born","SDN",524,"Florida","04000US12"
449,"South Africa",2018,"2018",2,"Foreign born","ZAF",12633,"Florida","04000US12"
448,"Somalia",2018,"2018",2,"Foreign born","SOM",253,"Florida","04000US12"
447,"Sierra Leone",2018,"2018",2,"Foreign born","SLE",358,"Florida","04000US12"
106,"Denmark",2018,"2018",2,"Foreign born","DNK",2012,"Florida","04000US12"
444,"Senegal",2018,"2018",2,"Foreign born","SEN",224,"Florida","04000US12"
440,"Nigeria",2018,"2018",2,"Foreign born","NGA",7225,"Florida","04000US12"
436,"Morocco",2018,"2018",2,"Foreign born","MAR",6134,"Florida","04000US12"
430,"Libya",2018,"2018",2,"Foreign born","LBY",1314,"Florida","04000US12"
108,"Finland",2018,"2018",2,"Foreign born","FIN",2173,"Florida","04000US12"
429,"Liberia",2018,"2018",2,"Foreign born","LBR",851,"Florida","04000US12"
427,"Kenya",2018,"2018",2,"Foreign born","KEN",2163,"Florida","04000US12"
425,"Ivory Coast",2018,"2018",2,"Foreign born","CIV",532,"Florida","04000US12"
421,"Ghana",2018,"2018",2,"Foreign born","GHA",4874,"Florida","04000US12"
109,"France",2018,"2018",2,"Foreign born","FRA",18906,"Florida","04000US12"
420,"Gambia",2018,"2018",2,"Foreign born","GMB",390,"Florida","04000US12"
417,"Eritrea",2018,"2018",2,"Foreign born","ERI",330,"Florida","04000US12"
416,"Ethiopia",2018,"2018",2,"Foreign born","ETH",3670,"Florida","04000US12"
414,"Egypt",2018,"2018",2,"Foreign born","EGY",12344,"Florida","04000US12"
110,"Germany",2018,"2018",2,"Foreign born","DEU",59864,"Florida","04000US12"
412,"Congo",2018,"2018",2,"Foreign born","COG",108,"Florida","04000US12"
408,"Cabo Verde",2018,"2018",2,"Foreign born","CPV",765,"Florida","04000US12"
407,"Cameroon",2018,"2018",2,"Foreign born","CMR",937,"Florida","04000US12"
400,"Algeria",2018,"2018",2,"Foreign born","DZA",870,"Florida","04000US12"
116,"Greece",2018,"2018",2,"Foreign born","GRC",8992,"Florida","04000US12"
399,"Americas, not specified",2018,"2018",2,"Foreign born",,3648,"Florida","04000US12"
374,"South America",2018,"2018",2,"Foreign born",,1177,"Florida","04000US12"
373,"Venezuela",2018,"2018",2,"Foreign born","VEN",202958,"Florida","04000US12"
372,"Uruguay",2018,"2018",2,"Foreign born","URY",14495,"Florida","04000US12"
117,"Hungary",2018,"2018",2,"Foreign born","HUN",9796,"Florida","04000US12"
370,"Peru",2018,"2018",2,"Foreign born","PER",93245,"Florida","04000US12"
369,"Paraguay",2018,"2018",2,"Foreign born","PRY",2544,"Florida","04000US12"
368,"Guyana",2018,"2018",2,"Foreign born","GUY",30619,"Florida","04000US12"
365,"Ecuador",2018,"2018",2,"Foreign born","ECU",54871,"Florida","04000US12"
118,"Iceland",2018,"2018",2,"Foreign born","ISL",833,"Florida","04000US12"
364,"Colombia",2018,"2018",2,"Foreign born","COL",285400,"Florida","04000US12"
363,"Chile",2018,"2018",2,"Foreign born","CHL",27631,"Florida","04000US12"
362,"Brazil",2018,"2018",2,"Foreign born","BRA",108119,"Florida","04000US12"
361,"Bolivia",2018,"2018",2,"Foreign born","BOL",12087,"Florida","04000US12"
119,"Ireland",2018,"2018",2,"Foreign born","IRL",10253,"Florida","04000US12"
360,"Argentina",2018,"2018",2,"Foreign born","ARG",58222,"Florida","04000US12"
344,"Caribbean, Not Specified",2018,"2018",2,"Foreign born",,7871,"Florida","04000US12"
343,"West Indies",2018,"2018",2,"Foreign born",,1991,"Florida","04000US12"
341,"Trinidad & Tobago",2018,"2018",2,"Foreign born","TTO",38394,"Florida","04000US12"
120,"Italy",2018,"2018",2,"Foreign born","ITA",25786,"Florida","04000US12"
340,"St Vincent & the Grenadines",2018,"2018",2,"Foreign born","VCT",3327,"Florida","04000US12"
339,"St Lucia",2018,"2018",2,"Foreign born","LCA",4349,"Florida","04000US12"
338,"St. Kitts-Nevis",2018,"2018",2,"Foreign born",,4983,"Florida","04000US12"
333,"Jamaica",2018,"2018",2,"Foreign born","JAM",213763,"Florida","04000US12"
126,"Netherlands",2018,"2018",2,"Foreign born","NLD",9748,"Florida","04000US12"
332,"Haiti",2018,"2018",2,"Foreign born","HTI",339246,"Florida","04000US12"
330,"Grenada",2018,"2018",2,"Foreign born","GRD",3927,"Florida","04000US12"
329,"Dominican Republic",2018,"2018",2,"Foreign born","DOM",121078,"Florida","04000US12"
328,"Dominica",2018,"2018",2,"Foreign born","DMA",10237,"Florida","04000US12"
127,"Norway",2018,"2018",2,"Foreign born","NOR",2634,"Florida","04000US12"
327,"Cuba",2018,"2018",2,"Foreign born","CUB",1028508,"Florida","04000US12"
324,"Barbados",2018,"2018",2,"Foreign born","BRB",7016,"Florida","04000US12"
323,"Bahamas",2018,"2018",2,"Foreign born","BHS",17001,"Florida","04000US12"
321,"Antigua & Barbuda",2018,"2018",2,"Foreign born","ATG",3639,"Florida","04000US12"
128,"Poland",2018,"2018",2,"Foreign born","POL",21375,"Florida","04000US12"
316,"Panama",2018,"2018",2,"Foreign born","PAN",22636,"Florida","04000US12"
315,"Nicaragua",2018,"2018",2,"Foreign born","NIC",121464,"Florida","04000US12"
314,"Honduras",2018,"2018",2,"Foreign born","HND",105516,"Florida","04000US12"
313,"Guatemala",2018,"2018",2,"Foreign born","GTM",97721,"Florida","04000US12"
129,"Portugal",2018,"2018",2,"Foreign born","PRT",11593,"Florida","04000US12"
312,"El Salvador",2018,"2018",2,"Foreign born","SLV",51785,"Florida","04000US12"
311,"Costa Rica",2018,"2018",2,"Foreign born","CRI",15836,"Florida","04000US12"
310,"Belize",2018,"2018",2,"Foreign born","BLZ",3414,"Florida","04000US12"
303,"Mexico",2018,"2018",2,"Foreign born","MEX",254426,"Florida","04000US12"
130,"Azores Islands",2018,"2018",2,"Foreign born",,827,"Florida","04000US12"
301,"Canada",2018,"2018",2,"Foreign born","CAN",116859,"Florida","04000US12"
300,"Bermuda",2018,"2018",2,"Foreign born","BMU",1746,"Florida","04000US12"
254,"Other Asia, not specified",2018,"2018",2,"Foreign born",,2299,"Florida","04000US12"
253,"South Central Asia, not specified",2018,"2018",2,"Foreign born",,904,"Florida","04000US12"
132,"Romania",2018,"2018",2,"Foreign born","ROU",13256,"Florida","04000US12"
249,"Asia",2018,"2018",2,"Foreign born",,3787,"Florida","04000US12"
248,"Yemen",2018,"2018",2,"Foreign born","YEM",140,"Florida","04000US12"
247,"Vietnam",2018,"2018",2,"Foreign born","VNM",54097,"Florida","04000US12"
246,"Uzbekistan",2018,"2018",2,"Foreign born","UZB",1697,"Florida","04000US12"
134,"Spain",2018,"2018",2,"Foreign born","ESP",21763,"Florida","04000US12"
245,"United Arab Emirates",2018,"2018",2,"Foreign born","ARE",1583,"Florida","04000US12"
243,"Turkey",2018,"2018",2,"Foreign born","TUR",8372,"Florida","04000US12"
242,"Thailand",2018,"2018",2,"Foreign born","THA",10597,"Florida","04000US12"
240,"Taiwan",2018,"2018",2,"Foreign born","TWN",6578,"Florida","04000US12"
136,"Sweden",2018,"2018",2,"Foreign born","SWE",4938,"Florida","04000US12"
239,"Syria",2018,"2018",2,"Foreign born","SYR",7797,"Florida","04000US12"
238,"Sri Lanka",2018,"2018",2,"Foreign born","LKA",2583,"Florida","04000US12"
236,"Singapore",2018,"2018",2,"Foreign born","SGP",681,"Florida","04000US12"
235,"Saudi Arabia",2018,"2018",2,"Foreign born","SAU",5120,"Florida","04000US12"
137,"Switzerland",2018,"2018",2,"Foreign born","CHE",2792,"Florida","04000US12"
233,"Philippines",2018,"2018",2,"Foreign born","PHL",81668,"Florida","04000US12"
231,"Pakistan",2018,"2018",2,"Foreign born","PAK",12170,"Florida","04000US12"
229,"Nepal",2018,"2018",2,"Foreign born","NPL",858,"Florida","04000US12"
228,"Mongolia",2018,"2018",2,"Foreign born","MNG",75,"Florida","04000US12"
138,"United Kingdom, not specified",2018,"2018",2,"Foreign born","GBR",38962,"Florida","04000US12"
226,"Malaysia",2018,"2018",2,"Foreign born","MYS",3182,"Florida","04000US12"
224,"Lebanon",2018,"2018",2,"Foreign born","LBN",8304,"Florida","04000US12"
223,"Laos",2018,"2018",2,"Foreign born","LAO",4311,"Florida","04000US12"
222,"Kuwait",2018,"2018",2,"Foreign born","KWT",1868,"Florida","04000US12"
139,"England",2018,"2018",2,"Foreign born",,37404,"Florida","04000US12"
219,"Kyrgyzstan",2018,"2018",2,"Foreign born","KGZ",848,"Florida","04000US12"
218,"Kazakhstan",2018,"2018",2,"Foreign born","KAZ",2652,"Florida","04000US12"
217,"Korea",2018,"2018",2,"Foreign born",,22311,"Florida","04000US12"
216,"Jordan",2018,"2018",2,"Foreign born","JOR",5817,"Florida","04000US12"
140,"Scotland",2018,"2018",2,"Foreign born",,6202,"Florida","04000US12"
215,"Japan",2018,"2018",2,"Foreign born","JPN",12557,"Florida","04000US12"
142,"Northern Ireland",2018,"2018",2,"Foreign born",,733,"Florida","04000US12"
214,"Israel",2018,"2018",2,"Foreign born","ISR",13739,"Florida","04000US12"
213,"Iraq",2018,"2018",2,"Foreign born","IRQ",6914,"Florida","04000US12"
212,"Iran",2018,"2018",2,"Foreign born","IRN",11322,"Florida","04000US12"
211,"Indonesia",2018,"2018",2,"Foreign born","IDN",3394,"Florida","04000US12"
147,"Yugoslavia",2018,"2018",2,"Foreign born",,2761,"Florida","04000US12"
210,"India",2018,"2018",2,"Foreign born","IND",90988,"Florida","04000US12"
209,"Hong Kong",2018,"2018",2,"Foreign born","HKG",4713,"Florida","04000US12"
207,"China",2018,"2018",2,"Foreign born","CHN",59492,"Florida","04000US12"
206,"Cambodia",2018,"2018",2,"Foreign born","KHM",2600,"Florida","04000US12"
148,"Czech Republic",2018,"2018",2,"Foreign born","CZE",3253,"Florida","04000US12"
205,"Myanmar",2018,"2018",2,"Foreign born","MMR",3705,"Florida","04000US12"
202,"Bangladesh",2018,"2018",2,"Foreign born","BGD",14005,"Florida","04000US12"
200,"Afghanistan",2018,"2018",2,"Foreign born","AFG",1183,"Florida","04000US12"
169,"Other Europe, not specified",2018,"2018",2,"Foreign born",,1393,"Florida","04000US12"
149,"Slovakia",2018,"2018",2,"Foreign born","SVK",3225,"Florida","04000US12"
168,"Montenegro",2018,"2018",2,"Foreign born","MNE",531,"Florida","04000US12"
167,"Kosovo",2018,"2018",2,"Foreign born",,814,"Florida","04000US12"
166,"Europe",2018,"2018",2,"Foreign born",,321,"Florida","04000US12"
165,"USSR",2018,"2018",2,"Foreign born",,4714,"Florida","04000US12"
150,"Bosnia and Herzegovina",2018,"2018",2,"Foreign born","BIH",12343,"Florida","04000US12"
164,"Ukraine",2018,"2018",2,"Foreign born","UKR",17115,"Florida","04000US12"
163,"Russia",2018,"2018",2,"Foreign born","RUS",25853,"Florida","04000US12"
162,"Moldova",2018,"2018",2,"Foreign born","MDA",2365,"Florida","04000US12"
161,"Georgia (country)",2018,"2018",2,"Foreign born","GEO",176,"Florida","04000US12"
151,"Croatia",2018,"2018",2,"Foreign born","HRV",3544,"Florida","04000US12"
160,"Belarus",2018,"2018",2,"Foreign born","BLR",3458,"Florida","04000US12"
159,"Azerbaijan",2018,"2018",2,"Foreign born","AZE",1064,"Florida","04000US12"
158,"Armenia",2018,"2018",2,"Foreign born","ARM",115,"Florida","04000US12"
157,"Lithuania",2018,"2018",2,"Foreign born","LTU",2667,"Florida","04000US12"
152,"Macedonia",2018,"2018",2,"Foreign born","MKD",838,"Florida","04000US12"
156,"Latvia",2018,"2018",2,"Foreign born","LVA",752,"Florida","04000US12"
154,"Serbia",2018,"2018",2,"Foreign born","SRB",4620,"Florida","04000US12"
420,"Gambia",2017,"2017",2,"Foreign born","GMB",549,"Florida","04000US12"
324,"Barbados",2017,"2017",2,"Foreign born","BRB",7223,"Florida","04000US12"
523,"Tonga",2017,"2017",2,"Foreign born","TON",240,"Florida","04000US12"
156,"Latvia",2017,"2017",2,"Foreign born","LVA",1390,"Florida","04000US12"
515,"New Zealand",2017,"2017",2,"Foreign born","NZL",2118,"Florida","04000US12"
157,"Lithuania",2017,"2017",2,"Foreign born","LTU",1597,"Florida","04000US12"
152,"Macedonia",2017,"2017",2,"Foreign born","MKD",726,"Florida","04000US12"
100,"Albania",2017,"2017",2,"Foreign born","ALB",7835,"Florida","04000US12"
158,"Armenia",2017,"2017",2,"Foreign born","ARM",1040,"Florida","04000US12"
512,"Micronesia",2017,"2017",2,"Foreign born","KSM",429,"Florida","04000US12"
159,"Azerbaijan",2017,"2017",2,"Foreign born","AZE",496,"Florida","04000US12"
511,"Marshall Islands",2017,"2017",2,"Foreign born","MHL",124,"Florida","04000US12"
508,"Fiji",2017,"2017",2,"Foreign born","FJI",39,"Florida","04000US12"
160,"Belarus",2017,"2017",2,"Foreign born","BLR",4206,"Florida","04000US12"
501,"Australia",2017,"2017",2,"Foreign born","AUS",4091,"Florida","04000US12"
161,"Georgia (country)",2017,"2017",2,"Foreign born","GEO",1237,"Florida","04000US12"
151,"Croatia",2017,"2017",2,"Foreign born","HRV",3085,"Florida","04000US12"
102,"Austria",2017,"2017",2,"Foreign born","AUT",4954,"Florida","04000US12"
469,"Eastern Africa, Not Specified",2017,"2017",2,"Foreign born",,2099,"Florida","04000US12"
162,"Moldova",2017,"2017",2,"Foreign born","MDA",1633,"Florida","04000US12"
468,"Other Africa, not specified",2017,"2017",2,"Foreign born",,2224,"Florida","04000US12"
163,"Russia",2017,"2017",2,"Foreign born","RUS",28200,"Florida","04000US12"
467,"Western Africa, not specified",2017,"2017",2,"Foreign born",,564,"Florida","04000US12"
164,"Ukraine",2017,"2017",2,"Foreign born","UKR",21874,"Florida","04000US12"
103,"Belgium",2017,"2017",2,"Foreign born","BEL",3694,"Florida","04000US12"
165,"USSR",2017,"2017",2,"Foreign born",,2648,"Florida","04000US12"
150,"Bosnia and Herzegovina",2017,"2017",2,"Foreign born","BIH",6368,"Florida","04000US12"
166,"Europe",2017,"2017",2,"Foreign born",,137,"Florida","04000US12"
167,"Kosovo",2017,"2017",2,"Foreign born",,234,"Florida","04000US12"
462,"Africa",2017,"2017",2,"Foreign born",,2360,"Florida","04000US12"
461,"Zimbabwe",2017,"2017",2,"Foreign born","ZWE",540,"Florida","04000US12"
168,"Montenegro",2017,"2017",2,"Foreign born","MNE",168,"Florida","04000US12"
460,"Zambia",2017,"2017",2,"Foreign born","ZMB",1033,"Florida","04000US12"
169,"Other Europe, not specified",2017,"2017",2,"Foreign born",,2255,"Florida","04000US12"
149,"Slovakia",2017,"2017",2,"Foreign born","SVK",3539,"Florida","04000US12"
104,"Bulgaria",2017,"2017",2,"Foreign born","BGR",3618,"Florida","04000US12"
200,"Afghanistan",2017,"2017",2,"Foreign born","AFG",373,"Florida","04000US12"
459,"Democratic Republic of Congo (Zaire)",2017,"2017",2,"Foreign born","COD",160,"Florida","04000US12"
202,"Bangladesh",2017,"2017",2,"Foreign born","BGD",8160,"Florida","04000US12"
457,"Uganda",2017,"2017",2,"Foreign born","UGA",1353,"Florida","04000US12"
203,"Bhutan",2017,"2017",2,"Foreign born","BTN",109,"Florida","04000US12"
456,"Tunisia",2017,"2017",2,"Foreign born","TUN",1278,"Florida","04000US12"
205,"Myanmar",2017,"2017",2,"Foreign born","MMR",5877,"Florida","04000US12"
454,"Togo",2017,"2017",2,"Foreign born","TGO",1618,"Florida","04000US12"
105,"Czechoslovakia",2017,"2017",2,"Foreign born",,1156,"Florida","04000US12"
206,"Cambodia",2017,"2017",2,"Foreign born","KHM",4238,"Florida","04000US12"
148,"Czech Republic",2017,"2017",2,"Foreign born","CZE",3706,"Florida","04000US12"
453,"Tanzania",2017,"2017",2,"Foreign born","TZA",1617,"Florida","04000US12"
207,"China",2017,"2017",2,"Foreign born","CHN",58758,"Florida","04000US12"
451,"Sudan",2017,"2017",2,"Foreign born","SDN",559,"Florida","04000US12"
449,"South Africa",2017,"2017",2,"Foreign born","ZAF",13152,"Florida","04000US12"
209,"Hong Kong",2017,"2017",2,"Foreign born","HKG",4327,"Florida","04000US12"
448,"Somalia",2017,"2017",2,"Foreign born","SOM",225,"Florida","04000US12"
106,"Denmark",2017,"2017",2,"Foreign born","DNK",2591,"Florida","04000US12"
210,"India",2017,"2017",2,"Foreign born","IND",89545,"Florida","04000US12"
447,"Sierra Leone",2017,"2017",2,"Foreign born","SLE",306,"Florida","04000US12"
444,"Senegal",2017,"2017",2,"Foreign born","SEN",863,"Florida","04000US12"
211,"Indonesia",2017,"2017",2,"Foreign born","IDN",3913,"Florida","04000US12"
147,"Yugoslavia",2017,"2017",2,"Foreign born",,3695,"Florida","04000US12"
440,"Nigeria",2017,"2017",2,"Foreign born","NGA",9365,"Florida","04000US12"
212,"Iran",2017,"2017",2,"Foreign born","IRN",9268,"Florida","04000US12"
213,"Iraq",2017,"2017",2,"Foreign born","IRQ",4870,"Florida","04000US12"
436,"Morocco",2017,"2017",2,"Foreign born","MAR",13942,"Florida","04000US12"
108,"Finland",2017,"2017",2,"Foreign born","FIN",3862,"Florida","04000US12"
214,"Israel",2017,"2017",2,"Foreign born","ISR",13907,"Florida","04000US12"
430,"Libya",2017,"2017",2,"Foreign born","LBY",518,"Florida","04000US12"
429,"Liberia",2017,"2017",2,"Foreign born","LBR",2619,"Florida","04000US12"
215,"Japan",2017,"2017",2,"Foreign born","JPN",13308,"Florida","04000US12"
142,"Northern Ireland",2017,"2017",2,"Foreign born",,1945,"Florida","04000US12"
427,"Kenya",2017,"2017",2,"Foreign born","KEN",2303,"Florida","04000US12"
216,"Jordan",2017,"2017",2,"Foreign born","JOR",2610,"Florida","04000US12"
140,"Scotland",2017,"2017",2,"Foreign born",,7258,"Florida","04000US12"
217,"Korea",2017,"2017",2,"Foreign born",,21805,"Florida","04000US12"
425,"Ivory Coast",2017,"2017",2,"Foreign born","CIV",392,"Florida","04000US12"
423,"Guinea",2017,"2017",2,"Foreign born","GIN",71,"Florida","04000US12"
218,"Kazakhstan",2017,"2017",2,"Foreign born","KAZ",1987,"Florida","04000US12"
219,"Kyrgyzstan",2017,"2017",2,"Foreign born","KGZ",417,"Florida","04000US12"
109,"France",2017,"2017",2,"Foreign born","FRA",18882,"Florida","04000US12"
421,"Ghana",2017,"2017",2,"Foreign born","GHA",2302,"Florida","04000US12"
222,"Kuwait",2017,"2017",2,"Foreign born","KWT",2224,"Florida","04000US12"
139,"England",2017,"2017",2,"Foreign born",,35614,"Florida","04000US12"
554,"Other U.S. Island Areas, Oceania, Not Specified, or at Sea",2017,"2017",2,"Foreign born",,315,"Florida","04000US12"
223,"Laos",2017,"2017",2,"Foreign born","LAO",4737,"Florida","04000US12"
417,"Eritrea",2017,"2017",2,"Foreign born","ERI",243,"Florida","04000US12"
224,"Lebanon",2017,"2017",2,"Foreign born","LBN",5963,"Florida","04000US12"
416,"Ethiopia",2017,"2017",2,"Foreign born","ETH",1270,"Florida","04000US12"
226,"Malaysia",2017,"2017",2,"Foreign born","MYS",1805,"Florida","04000US12"
110,"Germany",2017,"2017",2,"Foreign born","DEU",50242,"Florida","04000US12"
138,"United Kingdom, not specified",2017,"2017",2,"Foreign born","GBR",35791,"Florida","04000US12"
414,"Egypt",2017,"2017",2,"Foreign born","EGY",9566,"Florida","04000US12"
229,"Nepal",2017,"2017",2,"Foreign born","NPL",1372,"Florida","04000US12"
412,"Congo",2017,"2017",2,"Foreign born","COG",760,"Florida","04000US12"
231,"Pakistan",2017,"2017",2,"Foreign born","PAK",13258,"Florida","04000US12"
408,"Cabo Verde",2017,"2017",2,"Foreign born","CPV",748,"Florida","04000US12"
233,"Philippines",2017,"2017",2,"Foreign born","PHL",79949,"Florida","04000US12"
407,"Cameroon",2017,"2017",2,"Foreign born","CMR",2096,"Florida","04000US12"
116,"Greece",2017,"2017",2,"Foreign born","GRC",13498,"Florida","04000US12"
235,"Saudi Arabia",2017,"2017",2,"Foreign born","SAU",5793,"Florida","04000US12"
137,"Switzerland",2017,"2017",2,"Foreign born","CHE",3906,"Florida","04000US12"
400,"Algeria",2017,"2017",2,"Foreign born","DZA",1055,"Florida","04000US12"
236,"Singapore",2017,"2017",2,"Foreign born","SGP",1083,"Florida","04000US12"
399,"Americas, not specified",2017,"2017",2,"Foreign born",,2209,"Florida","04000US12"
238,"Sri Lanka",2017,"2017",2,"Foreign born","LKA",3777,"Florida","04000US12"
374,"South America",2017,"2017",2,"Foreign born",,769,"Florida","04000US12"
239,"Syria",2017,"2017",2,"Foreign born","SYR",2962,"Florida","04000US12"
373,"Venezuela",2017,"2017",2,"Foreign born","VEN",186899,"Florida","04000US12"
117,"Hungary",2017,"2017",2,"Foreign born","HUN",7360,"Florida","04000US12"
240,"Taiwan",2017,"2017",2,"Foreign born","TWN",8726,"Florida","04000US12"
136,"Sweden",2017,"2017",2,"Foreign born","SWE",3682,"Florida","04000US12"
372,"Uruguay",2017,"2017",2,"Foreign born","URY",12156,"Florida","04000US12"
242,"Thailand",2017,"2017",2,"Foreign born","THA",14235,"Florida","04000US12"
370,"Peru",2017,"2017",2,"Foreign born","PER",94572,"Florida","04000US12"
243,"Turkey",2017,"2017",2,"Foreign born","TUR",5939,"Florida","04000US12"
369,"Paraguay",2017,"2017",2,"Foreign born","PRY",2817,"Florida","04000US12"
245,"United Arab Emirates",2017,"2017",2,"Foreign born","ARE",1334,"Florida","04000US12"
368,"Guyana",2017,"2017",2,"Foreign born","GUY",30655,"Florida","04000US12"
118,"Iceland",2017,"2017",2,"Foreign born","ISL",98,"Florida","04000US12"
246,"Uzbekistan",2017,"2017",2,"Foreign born","UZB",1677,"Florida","04000US12"
134,"Spain",2017,"2017",2,"Foreign born","ESP",17572,"Florida","04000US12"
365,"Ecuador",2017,"2017",2,"Foreign born","ECU",51240,"Florida","04000US12"
247,"Vietnam",2017,"2017",2,"Foreign born","VNM",52778,"Florida","04000US12"
364,"Colombia",2017,"2017",2,"Foreign born","COL",274220,"Florida","04000US12"
363,"Chile",2017,"2017",2,"Foreign born","CHL",21167,"Florida","04000US12"
249,"Asia",2017,"2017",2,"Foreign born",,1461,"Florida","04000US12"
362,"Brazil",2017,"2017",2,"Foreign born","BRA",114476,"Florida","04000US12"
119,"Ireland",2017,"2017",2,"Foreign born","IRL",8181,"Florida","04000US12"
253,"South Central Asia, not specified",2017,"2017",2,"Foreign born",,228,"Florida","04000US12"
132,"Romania",2017,"2017",2,"Foreign born","ROU",12870,"Florida","04000US12"
361,"Bolivia",2017,"2017",2,"Foreign born","BOL",11892,"Florida","04000US12"
254,"Other Asia, not specified",2017,"2017",2,"Foreign born",,3099,"Florida","04000US12"
360,"Argentina",2017,"2017",2,"Foreign born","ARG",57294,"Florida","04000US12"
300,"Bermuda",2017,"2017",2,"Foreign born","BMU",1271,"Florida","04000US12"
344,"Caribbean, Not Specified",2017,"2017",2,"Foreign born",,8091,"Florida","04000US12"
301,"Canada",2017,"2017",2,"Foreign born","CAN",112376,"Florida","04000US12"
343,"West Indies",2017,"2017",2,"Foreign born",,2397,"Florida","04000US12"
120,"Italy",2017,"2017",2,"Foreign born","ITA",30565,"Florida","04000US12"
303,"Mexico",2017,"2017",2,"Foreign born","MEX",263381,"Florida","04000US12"
130,"Azores Islands",2017,"2017",2,"Foreign born",,2471,"Florida","04000US12"
341,"Trinidad & Tobago",2017,"2017",2,"Foreign born","TTO",48888,"Florida","04000US12"
310,"Belize",2017,"2017",2,"Foreign born","BLZ",3618,"Florida","04000US12"
340,"St Vincent & the Grenadines",2017,"2017",2,"Foreign born","VCT",2700,"Florida","04000US12"
311,"Costa Rica",2017,"2017",2,"Foreign born","CRI",13721,"Florida","04000US12"
339,"St Lucia",2017,"2017",2,"Foreign born","LCA",3862,"Florida","04000US12"
312,"El Salvador",2017,"2017",2,"Foreign born","SLV",48985,"Florida","04000US12"
338,"St. Kitts-Nevis",2017,"2017",2,"Foreign born",,2005,"Florida","04000US12"
126,"Netherlands",2017,"2017",2,"Foreign born","NLD",7944,"Florida","04000US12"
333,"Jamaica",2017,"2017",2,"Foreign born","JAM",213410,"Florida","04000US12"
313,"Guatemala",2017,"2017",2,"Foreign born","GTM",83594,"Florida","04000US12"
129,"Portugal",2017,"2017",2,"Foreign born","PRT",7990,"Florida","04000US12"
332,"Haiti",2017,"2017",2,"Foreign born","HTI",353866,"Florida","04000US12"
314,"Honduras",2017,"2017",2,"Foreign born","HND",105674,"Florida","04000US12"
330,"Grenada",2017,"2017",2,"Foreign born","GRD",4376,"Florida","04000US12"
315,"Nicaragua",2017,"2017",2,"Foreign born","NIC",109799,"Florida","04000US12"
329,"Dominican Republic",2017,"2017",2,"Foreign born","DOM",137034,"Florida","04000US12"
316,"Panama",2017,"2017",2,"Foreign born","PAN",21612,"Florida","04000US12"
127,"Norway",2017,"2017",2,"Foreign born","NOR",1815,"Florida","04000US12"
328,"Dominica",2017,"2017",2,"Foreign born","DMA",7179,"Florida","04000US12"
321,"Antigua & Barbuda",2017,"2017",2,"Foreign born","ATG",1943,"Florida","04000US12"
128,"Poland",2017,"2017",2,"Foreign born","POL",22682,"Florida","04000US12"
327,"Cuba",2017,"2017",2,"Foreign born","CUB",984212,"Florida","04000US12"
323,"Bahamas",2017,"2017",2,"Foreign born","BHS",15456,"Florida","04000US12"
154,"Serbia",2017,"2017",2,"Foreign born","SRB",5791,"Florida","04000US12"
128,"Poland",2016,"2016",2,"Foreign born","POL",22107,"Florida","04000US12"
206,"Cambodia",2016,"2016",2,"Foreign born","KHM",2290,"Florida","04000US12"
416,"Ethiopia",2016,"2016",2,"Foreign born","ETH",3557,"Florida","04000US12"
226,"Malaysia",2016,"2016",2,"Foreign born","MYS",1672,"Florida","04000US12"
164,"Ukraine",2016,"2016",2,"Foreign born","UKR",16980,"Florida","04000US12"
554,"Other U.S. Island Areas, Oceania, Not Specified, or at Sea",2016,"2016",2,"Foreign born",,152,"Florida","04000US12"
464,"Northern Africa, not specified",2016,"2016",2,"Foreign born",,732,"Florida","04000US12"
453,"Tanzania",2016,"2016",2,"Foreign born","TZA",1046,"Florida","04000US12"
414,"Egypt",2016,"2016",2,"Foreign born","EGY",16093,"Florida","04000US12"
229,"Nepal",2016,"2016",2,"Foreign born","NPL",1117,"Florida","04000US12"
207,"China",2016,"2016",2,"Foreign born","CHN",52810,"Florida","04000US12"
138,"United Kingdom, not specified",2016,"2016",2,"Foreign born","GBR",33779,"Florida","04000US12"
508,"Fiji",2016,"2016",2,"Foreign born","FJI",403,"Florida","04000US12"
412,"Congo",2016,"2016",2,"Foreign born","COG",408,"Florida","04000US12"
231,"Pakistan",2016,"2016",2,"Foreign born","PAK",13995,"Florida","04000US12"
148,"Czech Republic",2016,"2016",2,"Foreign born","CZE",5612,"Florida","04000US12"
463,"Eastern Africa, not specified",2016,"2016",2,"Foreign born",,2992,"Florida","04000US12"
408,"Cabo Verde",2016,"2016",2,"Foreign born","CPV",1109,"Florida","04000US12"
116,"Greece",2016,"2016",2,"Foreign born","GRC",10695,"Florida","04000US12"
233,"Philippines",2016,"2016",2,"Foreign born","PHL",77064,"Florida","04000US12"
451,"Sudan",2016,"2016",2,"Foreign born","SDN",1136,"Florida","04000US12"
208,"Cyprus",2016,"2016",2,"Foreign born","CYP",932,"Florida","04000US12"
407,"Cameroon",2016,"2016",2,"Foreign born","CMR",1152,"Florida","04000US12"
165,"USSR",2016,"2016",2,"Foreign born",,2654,"Florida","04000US12"
235,"Saudi Arabia",2016,"2016",2,"Foreign born","SAU",5138,"Florida","04000US12"
449,"South Africa",2016,"2016",2,"Foreign born","ZAF",12049,"Florida","04000US12"
209,"Hong Kong",2016,"2016",2,"Foreign born","HKG",5051,"Florida","04000US12"
160,"Belarus",2016,"2016",2,"Foreign born","BLR",3598,"Florida","04000US12"
400,"Algeria",2016,"2016",2,"Foreign born","DZA",659,"Florida","04000US12"
236,"Singapore",2016,"2016",2,"Foreign born","SGP",586,"Florida","04000US12"
106,"Denmark",2016,"2016",2,"Foreign born","DNK",3046,"Florida","04000US12"
137,"Switzerland",2016,"2016",2,"Foreign born","CHE",3613,"Florida","04000US12"
515,"New Zealand",2016,"2016",2,"Foreign born","NZL",1324,"Florida","04000US12"
399,"Americas, not specified",2016,"2016",2,"Foreign born",,1423,"Florida","04000US12"
238,"Sri Lanka",2016,"2016",2,"Foreign born","LKA",1589,"Florida","04000US12"
102,"Austria",2016,"2016",2,"Foreign born","AUT",3846,"Florida","04000US12"
210,"India",2016,"2016",2,"Foreign born","IND",91640,"Florida","04000US12"
374,"South America",2016,"2016",2,"Foreign born",,1895,"Florida","04000US12"
117,"Hungary",2016,"2016",2,"Foreign born","HUN",8770,"Florida","04000US12"
239,"Syria",2016,"2016",2,"Foreign born","SYR",3364,"Florida","04000US12"
150,"Bosnia and Herzegovina",2016,"2016",2,"Foreign born","BIH",4414,"Florida","04000US12"
523,"Tonga",2016,"2016",2,"Foreign born","TON",78,"Florida","04000US12"
373,"Venezuela",2016,"2016",2,"Foreign born","VEN",166700,"Florida","04000US12"
447,"Sierra Leone",2016,"2016",2,"Foreign born","SLE",297,"Florida","04000US12"
240,"Taiwan",2016,"2016",2,"Foreign born","TWN",9854,"Florida","04000US12"
501,"Australia",2016,"2016",2,"Foreign born","AUS",4920,"Florida","04000US12"
211,"Indonesia",2016,"2016",2,"Foreign born","IDN",1921,"Florida","04000US12"
462,"Africa",2016,"2016",2,"Foreign born",,3613,"Florida","04000US12"
372,"Uruguay",2016,"2016",2,"Foreign born","URY",9621,"Florida","04000US12"
242,"Thailand",2016,"2016",2,"Foreign born","THA",12399,"Florida","04000US12"
161,"Georgia (country)",2016,"2016",2,"Foreign born","GEO",685,"Florida","04000US12"
136,"Sweden",2016,"2016",2,"Foreign born","SWE",4673,"Florida","04000US12"
444,"Senegal",2016,"2016",2,"Foreign born","SEN",181,"Florida","04000US12"
370,"Peru",2016,"2016",2,"Foreign born","PER",73853,"Florida","04000US12"
243,"Turkey",2016,"2016",2,"Foreign born","TUR",11430,"Florida","04000US12"
168,"Montenegro",2016,"2016",2,"Foreign born","MNE",368,"Florida","04000US12"
212,"Iran",2016,"2016",2,"Foreign born","IRN",9222,"Florida","04000US12"
369,"Paraguay",2016,"2016",2,"Foreign born","PRY",1444,"Florida","04000US12"
118,"Iceland",2016,"2016",2,"Foreign born","ISL",494,"Florida","04000US12"
245,"United Arab Emirates",2016,"2016",2,"Foreign born","ARE",643,"Florida","04000US12"
158,"Armenia",2016,"2016",2,"Foreign born","ARM",1693,"Florida","04000US12"
147,"Yugoslavia",2016,"2016",2,"Foreign born",,2276,"Florida","04000US12"
368,"Guyana",2016,"2016",2,"Foreign born","GUY",32260,"Florida","04000US12"
440,"Nigeria",2016,"2016",2,"Foreign born","NGA",8095,"Florida","04000US12"
246,"Uzbekistan",2016,"2016",2,"Foreign born","UZB",1543,"Florida","04000US12"
108,"Finland",2016,"2016",2,"Foreign born","FIN",2701,"Florida","04000US12"
213,"Iraq",2016,"2016",2,"Foreign born","IRQ",4744,"Florida","04000US12"
461,"Zimbabwe",2016,"2016",2,"Foreign born","ZWE",2369,"Florida","04000US12"
365,"Ecuador",2016,"2016",2,"Foreign born","ECU",50402,"Florida","04000US12"
247,"Vietnam",2016,"2016",2,"Foreign born","VNM",53314,"Florida","04000US12"
104,"Bulgaria",2016,"2016",2,"Foreign born","BGR",6721,"Florida","04000US12"
134,"Spain",2016,"2016",2,"Foreign born","ESP",20458,"Florida","04000US12"
436,"Morocco",2016,"2016",2,"Foreign born","MAR",10394,"Florida","04000US12"
364,"Colombia",2016,"2016",2,"Foreign born","COL",241378,"Florida","04000US12"
248,"Yemen",2016,"2016",2,"Foreign born","YEM",160,"Florida","04000US12"
100,"Albania",2016,"2016",2,"Foreign born","ALB",12501,"Florida","04000US12"
363,"Chile",2016,"2016",2,"Foreign born","CHL",17999,"Florida","04000US12"
119,"Ireland",2016,"2016",2,"Foreign born","IRL",9039,"Florida","04000US12"
249,"Asia",2016,"2016",2,"Foreign born",,1912,"Florida","04000US12"
214,"Israel",2016,"2016",2,"Foreign born","ISR",17491,"Florida","04000US12"
169,"Other Europe, not specified",2016,"2016",2,"Foreign born",,3937,"Florida","04000US12"
362,"Brazil",2016,"2016",2,"Foreign born","BRA",83535,"Florida","04000US12"
152,"Macedonia",2016,"2016",2,"Foreign born","MKD",1837,"Florida","04000US12"
253,"South Central Asia, not specified",2016,"2016",2,"Foreign born",,293,"Florida","04000US12"
430,"Libya",2016,"2016",2,"Foreign born","LBY",1022,"Florida","04000US12"
154,"Serbia",2016,"2016",2,"Foreign born","SRB",3832,"Florida","04000US12"
215,"Japan",2016,"2016",2,"Foreign born","JPN",8500,"Florida","04000US12"
361,"Bolivia",2016,"2016",2,"Foreign born","BOL",14080,"Florida","04000US12"
254,"Other Asia, not specified",2016,"2016",2,"Foreign born",,2034,"Florida","04000US12"
460,"Zambia",2016,"2016",2,"Foreign born","ZMB",219,"Florida","04000US12"
132,"Romania",2016,"2016",2,"Foreign born","ROU",12356,"Florida","04000US12"
162,"Moldova",2016,"2016",2,"Foreign born","MDA",1552,"Florida","04000US12"
360,"Argentina",2016,"2016",2,"Foreign born","ARG",59759,"Florida","04000US12"
300,"Bermuda",2016,"2016",2,"Foreign born","BMU",1017,"Florida","04000US12"
429,"Liberia",2016,"2016",2,"Foreign born","LBR",614,"Florida","04000US12"
200,"Afghanistan",2016,"2016",2,"Foreign born","AFG",2329,"Florida","04000US12"
344,"Caribbean, Not Specified",2016,"2016",2,"Foreign born",,10505,"Florida","04000US12"
120,"Italy",2016,"2016",2,"Foreign born","ITA",29763,"Florida","04000US12"
301,"Canada",2016,"2016",2,"Foreign born","CAN",109007,"Florida","04000US12"
216,"Jordan",2016,"2016",2,"Foreign born","JOR",2215,"Florida","04000US12"
512,"Micronesia",2016,"2016",2,"Foreign born","KSM",657,"Florida","04000US12"
343,"West Indies",2016,"2016",2,"Foreign born",,3889,"Florida","04000US12"
149,"Slovakia",2016,"2016",2,"Foreign born","SVK",1343,"Florida","04000US12"
303,"Mexico",2016,"2016",2,"Foreign born","MEX",267071,"Florida","04000US12"
427,"Kenya",2016,"2016",2,"Foreign born","KEN",2065,"Florida","04000US12"
109,"France",2016,"2016",2,"Foreign born","FRA",19856,"Florida","04000US12"
217,"Korea",2016,"2016",2,"Foreign born",,23228,"Florida","04000US12"
341,"Trinidad & Tobago",2016,"2016",2,"Foreign born","TTO",52563,"Florida","04000US12"
310,"Belize",2016,"2016",2,"Foreign born","BLZ",4148,"Florida","04000US12"
151,"Croatia",2016,"2016",2,"Foreign born","HRV",943,"Florida","04000US12"
130,"Azores Islands",2016,"2016",2,"Foreign born",,903,"Florida","04000US12"
140,"Scotland",2016,"2016",2,"Foreign born",,6779,"Florida","04000US12"
340,"St Vincent & the Grenadines",2016,"2016",2,"Foreign born","VCT",1827,"Florida","04000US12"
311,"Costa Rica",2016,"2016",2,"Foreign born","CRI",15565,"Florida","04000US12"
459,"Democratic Republic of Congo (Zaire)",2016,"2016",2,"Foreign born","COD",702,"Florida","04000US12"
202,"Bangladesh",2016,"2016",2,"Foreign born","BGD",14135,"Florida","04000US12"
339,"St Lucia",2016,"2016",2,"Foreign born","LCA",2632,"Florida","04000US12"
126,"Netherlands",2016,"2016",2,"Foreign born","NLD",6734,"Florida","04000US12"
312,"El Salvador",2016,"2016",2,"Foreign born","SLV",51235,"Florida","04000US12"
218,"Kazakhstan",2016,"2016",2,"Foreign born","KAZ",2120,"Florida","04000US12"
159,"Azerbaijan",2016,"2016",2,"Foreign born","AZE",1597,"Florida","04000US12"
423,"Guinea",2016,"2016",2,"Foreign born","GIN",476,"Florida","04000US12"
468,"Other Africa, not specified",2016,"2016",2,"Foreign born",,907,"Florida","04000US12"
313,"Guatemala",2016,"2016",2,"Foreign born","GTM",79583,"Florida","04000US12"
163,"Russia",2016,"2016",2,"Foreign born","RUS",25395,"Florida","04000US12"
457,"Uganda",2016,"2016",2,"Foreign born","UGA",1466,"Florida","04000US12"
333,"Jamaica",2016,"2016",2,"Foreign born","JAM",219199,"Florida","04000US12"
421,"Ghana",2016,"2016",2,"Foreign born","GHA",2916,"Florida","04000US12"
314,"Honduras",2016,"2016",2,"Foreign born","HND",119482,"Florida","04000US12"
222,"Kuwait",2016,"2016",2,"Foreign born","KWT",2829,"Florida","04000US12"
129,"Portugal",2016,"2016",2,"Foreign born","PRT",8757,"Florida","04000US12"
332,"Haiti",2016,"2016",2,"Foreign born","HTI",315972,"Florida","04000US12"
157,"Lithuania",2016,"2016",2,"Foreign born","LTU",2383,"Florida","04000US12"
315,"Nicaragua",2016,"2016",2,"Foreign born","NIC",101445,"Florida","04000US12"
205,"Myanmar",2016,"2016",2,"Foreign born","MMR",5505,"Florida","04000US12"
330,"Grenada",2016,"2016",2,"Foreign born","GRD",1667,"Florida","04000US12"
127,"Norway",2016,"2016",2,"Foreign born","NOR",1800,"Florida","04000US12"
156,"Latvia",2016,"2016",2,"Foreign born","LVA",1325,"Florida","04000US12"
316,"Panama",2016,"2016",2,"Foreign born","PAN",18485,"Florida","04000US12"
420,"Gambia",2016,"2016",2,"Foreign born","GMB",323,"Florida","04000US12"
329,"Dominican Republic",2016,"2016",2,"Foreign born","DOM",119382,"Florida","04000US12"
223,"Laos",2016,"2016",2,"Foreign born","LAO",4957,"Florida","04000US12"
105,"Czechoslovakia",2016,"2016",2,"Foreign born",,2191,"Florida","04000US12"
321,"Antigua & Barbuda",2016,"2016",2,"Foreign born","ATG",2687,"Florida","04000US12"
139,"England",2016,"2016",2,"Foreign born",,45445,"Florida","04000US12"
467,"Western Africa, not specified",2016,"2016",2,"Foreign born",,1209,"Florida","04000US12"
328,"Dominica",2016,"2016",2,"Foreign born","DMA",7541,"Florida","04000US12"
417,"Eritrea",2016,"2016",2,"Foreign born","ERI",656,"Florida","04000US12"
323,"Bahamas",2016,"2016",2,"Foreign born","BHS",21160,"Florida","04000US12"
224,"Lebanon",2016,"2016",2,"Foreign born","LBN",8002,"Florida","04000US12"
103,"Belgium",2016,"2016",2,"Foreign born","BEL",2692,"Florida","04000US12"
327,"Cuba",2016,"2016",2,"Foreign born","CUB",987224,"Florida","04000US12"
110,"Germany",2016,"2016",2,"Foreign born","DEU",57707,"Florida","04000US12"
324,"Barbados",2016,"2016",2,"Foreign born","BRB",6057,"Florida","04000US12"
417,"Eritrea",2015,"2015",2,"Foreign born","ERI",1485,"Florida","04000US12"
324,"Barbados",2015,"2015",2,"Foreign born","BRB",7360,"Florida","04000US12"
154,"Serbia",2015,"2015",2,"Foreign born","SRB",2711,"Florida","04000US12"
327,"Cuba",2015,"2015",2,"Foreign born","CUB",930639,"Florida","04000US12"
554,"Other U.S. Island Areas, Oceania, Not Specified, or at Sea",2015,"2015",2,"Foreign born",,769,"Florida","04000US12"
323,"Bahamas",2015,"2015",2,"Foreign born","BHS",20754,"Florida","04000US12"
100,"Albania",2015,"2015",2,"Foreign born","ALB",7621,"Florida","04000US12"
527,"Samoa",2015,"2015",2,"Foreign born","WSM",75,"Florida","04000US12"
328,"Dominica",2015,"2015",2,"Foreign born","DMA",4747,"Florida","04000US12"
156,"Latvia",2015,"2015",2,"Foreign born","LVA",1324,"Florida","04000US12"
321,"Antigua & Barbuda",2015,"2015",2,"Foreign born","ATG",4068,"Florida","04000US12"
157,"Lithuania",2015,"2015",2,"Foreign born","LTU",2675,"Florida","04000US12"
515,"New Zealand",2015,"2015",2,"Foreign born","NZL",2027,"Florida","04000US12"
329,"Dominican Republic",2015,"2015",2,"Foreign born","DOM",120066,"Florida","04000US12"
158,"Armenia",2015,"2015",2,"Foreign born","ARM",685,"Florida","04000US12"
316,"Panama",2015,"2015",2,"Foreign born","PAN",23334,"Florida","04000US12"
159,"Azerbaijan",2015,"2015",2,"Foreign born","AZE",886,"Florida","04000US12"
512,"Micronesia",2015,"2015",2,"Foreign born","KSM",475,"Florida","04000US12"
330,"Grenada",2015,"2015",2,"Foreign born","GRD",2132,"Florida","04000US12"
129,"Portugal",2015,"2015",2,"Foreign born","PRT",8856,"Florida","04000US12"
315,"Nicaragua",2015,"2015",2,"Foreign born","NIC",107312,"Florida","04000US12"
127,"Norway",2015,"2015",2,"Foreign born","NOR",2240,"Florida","04000US12"
152,"Macedonia",2015,"2015",2,"Foreign born","MKD",1259,"Florida","04000US12"
332,"Haiti",2015,"2015",2,"Foreign born","HTI",339909,"Florida","04000US12"
102,"Austria",2015,"2015",2,"Foreign born","AUT",2549,"Florida","04000US12"
314,"Honduras",2015,"2015",2,"Foreign born","HND",92456,"Florida","04000US12"
160,"Belarus",2015,"2015",2,"Foreign born","BLR",1893,"Florida","04000US12"
508,"Fiji",2015,"2015",2,"Foreign born","FJI",94,"Florida","04000US12"
333,"Jamaica",2015,"2015",2,"Foreign born","JAM",205488,"Florida","04000US12"
161,"Georgia (country)",2015,"2015",2,"Foreign born","GEO",724,"Florida","04000US12"
313,"Guatemala",2015,"2015",2,"Foreign born","GTM",79868,"Florida","04000US12"
501,"Australia",2015,"2015",2,"Foreign born","AUS",4062,"Florida","04000US12"
162,"Moldova",2015,"2015",2,"Foreign born","MDA",3143,"Florida","04000US12"
312,"El Salvador",2015,"2015",2,"Foreign born","SLV",42513,"Florida","04000US12"
163,"Russia",2015,"2015",2,"Foreign born","RUS",24288,"Florida","04000US12"
339,"St Lucia",2015,"2015",2,"Foreign born","LCA",2853,"Florida","04000US12"
468,"Other Africa, not specified",2015,"2015",2,"Foreign born",,510,"Florida","04000US12"
130,"Azores Islands",2015,"2015",2,"Foreign born",,598,"Florida","04000US12"
126,"Netherlands",2015,"2015",2,"Foreign born","NLD",8483,"Florida","04000US12"
103,"Belgium",2015,"2015",2,"Foreign born","BEL",2982,"Florida","04000US12"
340,"St Vincent & the Grenadines",2015,"2015",2,"Foreign born","VCT",1225,"Florida","04000US12"
311,"Costa Rica",2015,"2015",2,"Foreign born","CRI",18440,"Florida","04000US12"
151,"Croatia",2015,"2015",2,"Foreign born","HRV",2520,"Florida","04000US12"
467,"Western Africa, not specified",2015,"2015",2,"Foreign born",,627,"Florida","04000US12"
164,"Ukraine",2015,"2015",2,"Foreign born","UKR",12103,"Florida","04000US12"
341,"Trinidad & Tobago",2015,"2015",2,"Foreign born","TTO",40654,"Florida","04000US12"
310,"Belize",2015,"2015",2,"Foreign born","BLZ",4327,"Florida","04000US12"
464,"Northern Africa, not specified",2015,"2015",2,"Foreign born",,1406,"Florida","04000US12"
303,"Mexico",2015,"2015",2,"Foreign born","MEX",279187,"Florida","04000US12"
165,"USSR",2015,"2015",2,"Foreign born",,2126,"Florida","04000US12"
343,"West Indies",2015,"2015",2,"Foreign born",,3549,"Florida","04000US12"
463,"Eastern Africa, not specified",2015,"2015",2,"Foreign born",,3091,"Florida","04000US12"
150,"Bosnia and Herzegovina",2015,"2015",2,"Foreign born","BIH",7159,"Florida","04000US12"
301,"Canada",2015,"2015",2,"Foreign born","CAN",112531,"Florida","04000US12"
462,"Africa",2015,"2015",2,"Foreign born",,2652,"Florida","04000US12"
344,"Caribbean, Not Specified",2015,"2015",2,"Foreign born",,11191,"Florida","04000US12"
104,"Bulgaria",2015,"2015",2,"Foreign born","BGR",4231,"Florida","04000US12"
132,"Romania",2015,"2015",2,"Foreign born","ROU",11502,"Florida","04000US12"
120,"Italy",2015,"2015",2,"Foreign born","ITA",33701,"Florida","04000US12"
168,"Montenegro",2015,"2015",2,"Foreign born","MNE",180,"Florida","04000US12"
360,"Argentina",2015,"2015",2,"Foreign born","ARG",51754,"Florida","04000US12"
300,"Bermuda",2015,"2015",2,"Foreign born","BMU",369,"Florida","04000US12"
461,"Zimbabwe",2015,"2015",2,"Foreign born","ZWE",1474,"Florida","04000US12"
169,"Other Europe, not specified",2015,"2015",2,"Foreign born",,5514,"Florida","04000US12"
460,"Zambia",2015,"2015",2,"Foreign born","ZMB",642,"Florida","04000US12"
361,"Bolivia",2015,"2015",2,"Foreign born","BOL",6542,"Florida","04000US12"
254,"Other Asia, not specified",2015,"2015",2,"Foreign born",,2026,"Florida","04000US12"
200,"Afghanistan",2015,"2015",2,"Foreign born","AFG",950,"Florida","04000US12"
253,"South Central Asia, not specified",2015,"2015",2,"Foreign born",,696,"Florida","04000US12"
202,"Bangladesh",2015,"2015",2,"Foreign born","BGD",11416,"Florida","04000US12"
362,"Brazil",2015,"2015",2,"Foreign born","BRA",74905,"Florida","04000US12"
459,"Democratic Republic of Congo (Zaire)",2015,"2015",2,"Foreign born","COD",2113,"Florida","04000US12"
149,"Slovakia",2015,"2015",2,"Foreign born","SVK",2640,"Florida","04000US12"
249,"Asia",2015,"2015",2,"Foreign born",,3657,"Florida","04000US12"
457,"Uganda",2015,"2015",2,"Foreign born","UGA",705,"Florida","04000US12"
363,"Chile",2015,"2015",2,"Foreign born","CHL",23711,"Florida","04000US12"
105,"Czechoslovakia",2015,"2015",2,"Foreign born",,2350,"Florida","04000US12"
134,"Spain",2015,"2015",2,"Foreign born","ESP",18476,"Florida","04000US12"
119,"Ireland",2015,"2015",2,"Foreign born","IRL",5341,"Florida","04000US12"
205,"Myanmar",2015,"2015",2,"Foreign born","MMR",2847,"Florida","04000US12"
364,"Colombia",2015,"2015",2,"Foreign born","COL",245560,"Florida","04000US12"
248,"Yemen",2015,"2015",2,"Foreign born","YEM",130,"Florida","04000US12"
454,"Togo",2015,"2015",2,"Foreign born","TGO",639,"Florida","04000US12"
206,"Cambodia",2015,"2015",2,"Foreign born","KHM",3922,"Florida","04000US12"
207,"China",2015,"2015",2,"Foreign born","CHN",43829,"Florida","04000US12"
365,"Ecuador",2015,"2015",2,"Foreign born","ECU",47392,"Florida","04000US12"
453,"Tanzania",2015,"2015",2,"Foreign born","TZA",3769,"Florida","04000US12"
208,"Cyprus",2015,"2015",2,"Foreign born","CYP",516,"Florida","04000US12"
246,"Uzbekistan",2015,"2015",2,"Foreign born","UZB",1624,"Florida","04000US12"
451,"Sudan",2015,"2015",2,"Foreign born","SDN",809,"Florida","04000US12"
368,"Guyana",2015,"2015",2,"Foreign born","GUY",26473,"Florida","04000US12"
106,"Denmark",2015,"2015",2,"Foreign born","DNK",2377,"Florida","04000US12"
209,"Hong Kong",2015,"2015",2,"Foreign born","HKG",6247,"Florida","04000US12"
245,"United Arab Emirates",2015,"2015",2,"Foreign born","ARE",854,"Florida","04000US12"
449,"South Africa",2015,"2015",2,"Foreign born","ZAF",11150,"Florida","04000US12"
369,"Paraguay",2015,"2015",2,"Foreign born","PRY",1746,"Florida","04000US12"
148,"Czech Republic",2015,"2015",2,"Foreign born","CZE",2805,"Florida","04000US12"
136,"Sweden",2015,"2015",2,"Foreign born","SWE",3766,"Florida","04000US12"
118,"Iceland",2015,"2015",2,"Foreign born","ISL",580,"Florida","04000US12"
448,"Somalia",2015,"2015",2,"Foreign born","SOM",501,"Florida","04000US12"
370,"Peru",2015,"2015",2,"Foreign born","PER",94872,"Florida","04000US12"
243,"Turkey",2015,"2015",2,"Foreign born","TUR",10319,"Florida","04000US12"
210,"India",2015,"2015",2,"Foreign born","IND",78696,"Florida","04000US12"
447,"Sierra Leone",2015,"2015",2,"Foreign born","SLE",277,"Florida","04000US12"
211,"Indonesia",2015,"2015",2,"Foreign born","IDN",2425,"Florida","04000US12"
372,"Uruguay",2015,"2015",2,"Foreign born","URY",11987,"Florida","04000US12"
242,"Thailand",2015,"2015",2,"Foreign born","THA",12601,"Florida","04000US12"
444,"Senegal",2015,"2015",2,"Foreign born","SEN",268,"Florida","04000US12"
240,"Taiwan",2015,"2015",2,"Foreign born","TWN",8104,"Florida","04000US12"
108,"Finland",2015,"2015",2,"Foreign born","FIN",1624,"Florida","04000US12"
373,"Venezuela",2015,"2015",2,"Foreign born","VEN",139392,"Florida","04000US12"
212,"Iran",2015,"2015",2,"Foreign born","IRN",12230,"Florida","04000US12"
440,"Nigeria",2015,"2015",2,"Foreign born","NGA",7138,"Florida","04000US12"
239,"Syria",2015,"2015",2,"Foreign born","SYR",5789,"Florida","04000US12"
213,"Iraq",2015,"2015",2,"Foreign born","IRQ",3227,"Florida","04000US12"
374,"South America",2015,"2015",2,"Foreign born",,1805,"Florida","04000US12"
147,"Yugoslavia",2015,"2015",2,"Foreign born",,2737,"Florida","04000US12"
137,"Switzerland",2015,"2015",2,"Foreign born","CHE",2447,"Florida","04000US12"
117,"Hungary",2015,"2015",2,"Foreign born","HUN",9002,"Florida","04000US12"
436,"Morocco",2015,"2015",2,"Foreign born","MAR",8220,"Florida","04000US12"
399,"Americas, not specified",2015,"2015",2,"Foreign born",,2869,"Florida","04000US12"
238,"Sri Lanka",2015,"2015",2,"Foreign born","LKA",3442,"Florida","04000US12"
214,"Israel",2015,"2015",2,"Foreign born","ISR",12211,"Florida","04000US12"
430,"Libya",2015,"2015",2,"Foreign born","LBY",776,"Florida","04000US12"
215,"Japan",2015,"2015",2,"Foreign born","JPN",9497,"Florida","04000US12"
400,"Algeria",2015,"2015",2,"Foreign born","DZA",977,"Florida","04000US12"
236,"Singapore",2015,"2015",2,"Foreign born","SGP",1178,"Florida","04000US12"
429,"Liberia",2015,"2015",2,"Foreign born","LBR",1264,"Florida","04000US12"
235,"Saudi Arabia",2015,"2015",2,"Foreign born","SAU",4125,"Florida","04000US12"
407,"Cameroon",2015,"2015",2,"Foreign born","CMR",332,"Florida","04000US12"
109,"France",2015,"2015",2,"Foreign born","FRA",16918,"Florida","04000US12"
216,"Jordan",2015,"2015",2,"Foreign born","JOR",4920,"Florida","04000US12"
233,"Philippines",2015,"2015",2,"Foreign born","PHL",87155,"Florida","04000US12"
427,"Kenya",2015,"2015",2,"Foreign born","KEN",2128,"Florida","04000US12"
408,"Cabo Verde",2015,"2015",2,"Foreign born","CPV",2204,"Florida","04000US12"
217,"Korea",2015,"2015",2,"Foreign born",,20726,"Florida","04000US12"
138,"United Kingdom, not specified",2015,"2015",2,"Foreign born","GBR",34524,"Florida","04000US12"
116,"Greece",2015,"2015",2,"Foreign born","GRC",9640,"Florida","04000US12"
218,"Kazakhstan",2015,"2015",2,"Foreign born","KAZ",2439,"Florida","04000US12"
412,"Congo",2015,"2015",2,"Foreign born","COG",54,"Florida","04000US12"
231,"Pakistan",2015,"2015",2,"Foreign born","PAK",14338,"Florida","04000US12"
140,"Scotland",2015,"2015",2,"Foreign born",,5895,"Florida","04000US12"
222,"Kuwait",2015,"2015",2,"Foreign born","KWT",1722,"Florida","04000US12"
421,"Ghana",2015,"2015",2,"Foreign born","GHA",2099,"Florida","04000US12"
414,"Egypt",2015,"2015",2,"Foreign born","EGY",12465,"Florida","04000US12"
229,"Nepal",2015,"2015",2,"Foreign born","NPL",2307,"Florida","04000US12"
223,"Laos",2015,"2015",2,"Foreign born","LAO",3625,"Florida","04000US12"
420,"Gambia",2015,"2015",2,"Foreign born","GMB",455,"Florida","04000US12"
110,"Germany",2015,"2015",2,"Foreign born","DEU",54982,"Florida","04000US12"
416,"Ethiopia",2015,"2015",2,"Foreign born","ETH",2728,"Florida","04000US12"
226,"Malaysia",2015,"2015",2,"Foreign born","MYS",2880,"Florida","04000US12"
224,"Lebanon",2015,"2015",2,"Foreign born","LBN",7508,"Florida","04000US12"
139,"England",2015,"2015",2,"Foreign born",,33719,"Florida","04000US12"
128,"Poland",2015,"2015",2,"Foreign born","POL",20900,"Florida","04000US12"
247,"Vietnam",2015,"2015",2,"Foreign born","VNM",51298,"Florida","04000US12"
417,"Eritrea",2014,"2014",2,"Foreign born","ERI",567,"Florida","04000US12"
224,"Lebanon",2014,"2014",2,"Foreign born","LBN",8293,"Florida","04000US12"
416,"Ethiopia",2014,"2014",2,"Foreign born","ETH",2250,"Florida","04000US12"
420,"Gambia",2014,"2014",2,"Foreign born","GMB",90,"Florida","04000US12"
139,"England",2014,"2014",2,"Foreign born",,36436,"Florida","04000US12"
229,"Nepal",2014,"2014",2,"Foreign born","NPL",434,"Florida","04000US12"
223,"Laos",2014,"2014",2,"Foreign born","LAO",3436,"Florida","04000US12"
110,"Germany",2014,"2014",2,"Foreign born","DEU",53222,"Florida","04000US12"
421,"Ghana",2014,"2014",2,"Foreign born","GHA",2094,"Florida","04000US12"
414,"Egypt",2014,"2014",2,"Foreign born","EGY",9340,"Florida","04000US12"
116,"Greece",2014,"2014",2,"Foreign born","GRC",13488,"Florida","04000US12"
222,"Kuwait",2014,"2014",2,"Foreign born","KWT",2097,"Florida","04000US12"
140,"Scotland",2014,"2014",2,"Foreign born",,6476,"Florida","04000US12"
423,"Guinea",2014,"2014",2,"Foreign born","GIN",423,"Florida","04000US12"
231,"Pakistan",2014,"2014",2,"Foreign born","PAK",17144,"Florida","04000US12"
412,"Congo",2014,"2014",2,"Foreign born","COG",245,"Florida","04000US12"
218,"Kazakhstan",2014,"2014",2,"Foreign born","KAZ",986,"Florida","04000US12"
233,"Philippines",2014,"2014",2,"Foreign born","PHL",73673,"Florida","04000US12"
427,"Kenya",2014,"2014",2,"Foreign born","KEN",2966,"Florida","04000US12"
408,"Cabo Verde",2014,"2014",2,"Foreign born","CPV",1520,"Florida","04000US12"
217,"Korea",2014,"2014",2,"Foreign born",,25915,"Florida","04000US12"
138,"United Kingdom, not specified",2014,"2014",2,"Foreign born","GBR",29086,"Florida","04000US12"
235,"Saudi Arabia",2014,"2014",2,"Foreign born","SAU",2293,"Florida","04000US12"
429,"Liberia",2014,"2014",2,"Foreign born","LBR",598,"Florida","04000US12"
236,"Singapore",2014,"2014",2,"Foreign born","SGP",788,"Florida","04000US12"
216,"Jordan",2014,"2014",2,"Foreign born","JOR",3157,"Florida","04000US12"
400,"Algeria",2014,"2014",2,"Foreign born","DZA",1189,"Florida","04000US12"
109,"France",2014,"2014",2,"Foreign born","FRA",18996,"Florida","04000US12"
430,"Libya",2014,"2014",2,"Foreign born","LBY",171,"Florida","04000US12"
117,"Hungary",2014,"2014",2,"Foreign born","HUN",6780,"Florida","04000US12"
215,"Japan",2014,"2014",2,"Foreign born","JPN",10817,"Florida","04000US12"
147,"Yugoslavia",2014,"2014",2,"Foreign born",,5036,"Florida","04000US12"
238,"Sri Lanka",2014,"2014",2,"Foreign born","LKA",373,"Florida","04000US12"
436,"Morocco",2014,"2014",2,"Foreign born","MAR",9602,"Florida","04000US12"
399,"Americas, not specified",2014,"2014",2,"Foreign born",,2875,"Florida","04000US12"
214,"Israel",2014,"2014",2,"Foreign born","ISR",10814,"Florida","04000US12"
239,"Syria",2014,"2014",2,"Foreign born","SYR",3563,"Florida","04000US12"
374,"South America",2014,"2014",2,"Foreign born",,596,"Florida","04000US12"
440,"Nigeria",2014,"2014",2,"Foreign born","NGA",6452,"Florida","04000US12"
137,"Switzerland",2014,"2014",2,"Foreign born","CHE",5048,"Florida","04000US12"
213,"Iraq",2014,"2014",2,"Foreign born","IRQ",4004,"Florida","04000US12"
240,"Taiwan",2014,"2014",2,"Foreign born","TWN",5868,"Florida","04000US12"
373,"Venezuela",2014,"2014",2,"Foreign born","VEN",116261,"Florida","04000US12"
444,"Senegal",2014,"2014",2,"Foreign born","SEN",626,"Florida","04000US12"
242,"Thailand",2014,"2014",2,"Foreign born","THA",12545,"Florida","04000US12"
212,"Iran",2014,"2014",2,"Foreign born","IRN",7454,"Florida","04000US12"
372,"Uruguay",2014,"2014",2,"Foreign born","URY",11748,"Florida","04000US12"
108,"Finland",2014,"2014",2,"Foreign born","FIN",1806,"Florida","04000US12"
447,"Sierra Leone",2014,"2014",2,"Foreign born","SLE",523,"Florida","04000US12"
118,"Iceland",2014,"2014",2,"Foreign born","ISL",1260,"Florida","04000US12"
211,"Indonesia",2014,"2014",2,"Foreign born","IDN",2673,"Florida","04000US12"
148,"Czech Republic",2014,"2014",2,"Foreign born","CZE",2675,"Florida","04000US12"
243,"Turkey",2014,"2014",2,"Foreign born","TUR",7914,"Florida","04000US12"
448,"Somalia",2014,"2014",2,"Foreign born","SOM",538,"Florida","04000US12"
370,"Peru",2014,"2014",2,"Foreign born","PER",91081,"Florida","04000US12"
210,"India",2014,"2014",2,"Foreign born","IND",75766,"Florida","04000US12"
245,"United Arab Emirates",2014,"2014",2,"Foreign born","ARE",1833,"Florida","04000US12"
449,"South Africa",2014,"2014",2,"Foreign born","ZAF",9978,"Florida","04000US12"
369,"Paraguay",2014,"2014",2,"Foreign born","PRY",2715,"Florida","04000US12"
136,"Sweden",2014,"2014",2,"Foreign born","SWE",6771,"Florida","04000US12"
209,"Hong Kong",2014,"2014",2,"Foreign born","HKG",4701,"Florida","04000US12"
246,"Uzbekistan",2014,"2014",2,"Foreign born","UZB",861,"Florida","04000US12"
451,"Sudan",2014,"2014",2,"Foreign born","SDN",1859,"Florida","04000US12"
368,"Guyana",2014,"2014",2,"Foreign born","GUY",32824,"Florida","04000US12"
247,"Vietnam",2014,"2014",2,"Foreign born","VNM",61775,"Florida","04000US12"
208,"Cyprus",2014,"2014",2,"Foreign born","CYP",869,"Florida","04000US12"
106,"Denmark",2014,"2014",2,"Foreign born","DNK",1863,"Florida","04000US12"
453,"Tanzania",2014,"2014",2,"Foreign born","TZA",1186,"Florida","04000US12"
100,"Albania",2014,"2014",2,"Foreign born","ALB",7787,"Florida","04000US12"
365,"Ecuador",2014,"2014",2,"Foreign born","ECU",52072,"Florida","04000US12"
207,"China",2014,"2014",2,"Foreign born","CHN",48504,"Florida","04000US12"
119,"Ireland",2014,"2014",2,"Foreign born","IRL",9914,"Florida","04000US12"
454,"Togo",2014,"2014",2,"Foreign born","TGO",123,"Florida","04000US12"
248,"Yemen",2014,"2014",2,"Foreign born","YEM",52,"Florida","04000US12"
206,"Cambodia",2014,"2014",2,"Foreign born","KHM",4274,"Florida","04000US12"
149,"Slovakia",2014,"2014",2,"Foreign born","SVK",1808,"Florida","04000US12"
226,"Malaysia",2014,"2014",2,"Foreign born","MYS",2267,"Florida","04000US12"
249,"Asia",2014,"2014",2,"Foreign born",,3099,"Florida","04000US12"
457,"Uganda",2014,"2014",2,"Foreign born","UGA",256,"Florida","04000US12"
363,"Chile",2014,"2014",2,"Foreign born","CHL",16311,"Florida","04000US12"
205,"Myanmar",2014,"2014",2,"Foreign born","MMR",3111,"Florida","04000US12"
134,"Spain",2014,"2014",2,"Foreign born","ESP",17034,"Florida","04000US12"
105,"Czechoslovakia",2014,"2014",2,"Foreign born",,2898,"Florida","04000US12"
253,"South Central Asia, not specified",2014,"2014",2,"Foreign born",,340,"Florida","04000US12"
362,"Brazil",2014,"2014",2,"Foreign born","BRA",64948,"Florida","04000US12"
202,"Bangladesh",2014,"2014",2,"Foreign born","BGD",5666,"Florida","04000US12"
254,"Other Asia, not specified",2014,"2014",2,"Foreign born",,1294,"Florida","04000US12"
460,"Zambia",2014,"2014",2,"Foreign born","ZMB",186,"Florida","04000US12"
361,"Bolivia",2014,"2014",2,"Foreign born","BOL",7655,"Florida","04000US12"
200,"Afghanistan",2014,"2014",2,"Foreign born","AFG",1624,"Florida","04000US12"
120,"Italy",2014,"2014",2,"Foreign born","ITA",31571,"Florida","04000US12"
169,"Other Europe, not specified",2014,"2014",2,"Foreign born",,3274,"Florida","04000US12"
461,"Zimbabwe",2014,"2014",2,"Foreign born","ZWE",1368,"Florida","04000US12"
300,"Bermuda",2014,"2014",2,"Foreign born","BMU",981,"Florida","04000US12"
150,"Bosnia and Herzegovina",2014,"2014",2,"Foreign born","BIH",12544,"Florida","04000US12"
360,"Argentina",2014,"2014",2,"Foreign born","ARG",47270,"Florida","04000US12"
301,"Canada",2014,"2014",2,"Foreign born","CAN",98977,"Florida","04000US12"
462,"Africa",2014,"2014",2,"Foreign born",,2444,"Florida","04000US12"
344,"Caribbean, Not Specified",2014,"2014",2,"Foreign born",,9629,"Florida","04000US12"
168,"Montenegro",2014,"2014",2,"Foreign born","MNE",195,"Florida","04000US12"
132,"Romania",2014,"2014",2,"Foreign born","ROU",8632,"Florida","04000US12"
104,"Bulgaria",2014,"2014",2,"Foreign born","BGR",4526,"Florida","04000US12"
463,"Eastern Africa, not specified",2014,"2014",2,"Foreign born",,1857,"Florida","04000US12"
303,"Mexico",2014,"2014",2,"Foreign born","MEX",288117,"Florida","04000US12"
343,"West Indies",2014,"2014",2,"Foreign born",,2503,"Florida","04000US12"
165,"USSR",2014,"2014",2,"Foreign born",,1286,"Florida","04000US12"
464,"Northern Africa, not specified",2014,"2014",2,"Foreign born",,1355,"Florida","04000US12"
310,"Belize",2014,"2014",2,"Foreign born","BLZ",5117,"Florida","04000US12"
151,"Croatia",2014,"2014",2,"Foreign born","HRV",4564,"Florida","04000US12"
341,"Trinidad & Tobago",2014,"2014",2,"Foreign born","TTO",39942,"Florida","04000US12"
467,"Western Africa, not specified",2014,"2014",2,"Foreign born",,701,"Florida","04000US12"
126,"Netherlands",2014,"2014",2,"Foreign born","NLD",8385,"Florida","04000US12"
164,"Ukraine",2014,"2014",2,"Foreign born","UKR",11749,"Florida","04000US12"
311,"Costa Rica",2014,"2014",2,"Foreign born","CRI",17892,"Florida","04000US12"
340,"St Vincent & the Grenadines",2014,"2014",2,"Foreign born","VCT",3037,"Florida","04000US12"
468,"Other Africa, not specified",2014,"2014",2,"Foreign born",,304,"Florida","04000US12"
312,"El Salvador",2014,"2014",2,"Foreign born","SLV",41964,"Florida","04000US12"
339,"St Lucia",2014,"2014",2,"Foreign born","LCA",2479,"Florida","04000US12"
163,"Russia",2014,"2014",2,"Foreign born","RUS",21387,"Florida","04000US12"
103,"Belgium",2014,"2014",2,"Foreign born","BEL",4115,"Florida","04000US12"
130,"Azores Islands",2014,"2014",2,"Foreign born",,475,"Florida","04000US12"
162,"Moldova",2014,"2014",2,"Foreign born","MDA",1159,"Florida","04000US12"
501,"Australia",2014,"2014",2,"Foreign born","AUS",5803,"Florida","04000US12"
313,"Guatemala",2014,"2014",2,"Foreign born","GTM",74366,"Florida","04000US12"
314,"Honduras",2014,"2014",2,"Foreign born","HND",85271,"Florida","04000US12"
161,"Georgia (country)",2014,"2014",2,"Foreign born","GEO",358,"Florida","04000US12"
152,"Macedonia",2014,"2014",2,"Foreign born","MKD",1040,"Florida","04000US12"
508,"Fiji",2014,"2014",2,"Foreign born","FJI",111,"Florida","04000US12"
333,"Jamaica",2014,"2014",2,"Foreign born","JAM",212712,"Florida","04000US12"
127,"Norway",2014,"2014",2,"Foreign born","NOR",2532,"Florida","04000US12"
160,"Belarus",2014,"2014",2,"Foreign born","BLR",1620,"Florida","04000US12"
315,"Nicaragua",2014,"2014",2,"Foreign born","NIC",107528,"Florida","04000US12"
511,"Marshall Islands",2014,"2014",2,"Foreign born","MHL",1004,"Florida","04000US12"
332,"Haiti",2014,"2014",2,"Foreign born","HTI",301526,"Florida","04000US12"
102,"Austria",2014,"2014",2,"Foreign born","AUT",4466,"Florida","04000US12"
330,"Grenada",2014,"2014",2,"Foreign born","GRD",3477,"Florida","04000US12"
316,"Panama",2014,"2014",2,"Foreign born","PAN",21749,"Florida","04000US12"
159,"Azerbaijan",2014,"2014",2,"Foreign born","AZE",756,"Florida","04000US12"
129,"Portugal",2014,"2014",2,"Foreign born","PRT",11088,"Florida","04000US12"
515,"New Zealand",2014,"2014",2,"Foreign born","NZL",1866,"Florida","04000US12"
329,"Dominican Republic",2014,"2014",2,"Foreign born","DOM",115768,"Florida","04000US12"
158,"Armenia",2014,"2014",2,"Foreign born","ARM",306,"Florida","04000US12"
321,"Antigua & Barbuda",2014,"2014",2,"Foreign born","ATG",4379,"Florida","04000US12"
157,"Lithuania",2014,"2014",2,"Foreign born","LTU",1774,"Florida","04000US12"
523,"Tonga",2014,"2014",2,"Foreign born","TON",130,"Florida","04000US12"
154,"Serbia",2014,"2014",2,"Foreign born","SRB",3095,"Florida","04000US12"
323,"Bahamas",2014,"2014",2,"Foreign born","BHS",19290,"Florida","04000US12"
328,"Dominica",2014,"2014",2,"Foreign born","DMA",8050,"Florida","04000US12"
128,"Poland",2014,"2014",2,"Foreign born","POL",20793,"Florida","04000US12"
554,"Other U.S. Island Areas, Oceania, Not Specified, or at Sea",2014,"2014",2,"Foreign born",,1276,"Florida","04000US12"
324,"Barbados",2014,"2014",2,"Foreign born","BRB",5575,"Florida","04000US12"
156,"Latvia",2014,"2014",2,"Foreign born","LVA",1217,"Florida","04000US12"
327,"Cuba",2014,"2014",2,"Foreign born","CUB",929832,"Florida","04000US12"
364,"Colombia",2014,"2014",2,"Foreign born","COL",246731,"Florida","04000US12"